customer_id,full_name,gender,join_date
1,Allison Hill,Male,2023-11-11
2,Brian Yang,Male,2024-07-18
3,Javier Johnson,Female,2023-11-07
4,Lance Hoffman,Male,2024-11-28
5,Kimberly Robinson,Male,2024-08-21
6,Sean Blake,Male,2023-09-23
7,Gina Moore,Male,2025-01-04
8,Brandon Davis,Male,2025-03-10
9,Dennis Williams,Female,2024-05-12
10,Valerie Gray,Male,2024-07-23
11,Mark Mcclure,Male,2024-02-26
12,Michele Williams,Male,2023-11-15
13,Victoria Wyatt,Male,2025-03-25
14,Donald Reid,Male,2024-02-29
15,Henry Santiago,Male,2024-11-17
16,Maria Lynch,Male,2023-10-01
17,Danielle Ford,Female,2023-12-17
18,Margaret Hawkins DDS,Male,2025-03-06
19,Amy Underwood,Female,2025-02-05
20,Derek Clark,Female,2024-08-04
21,Emily Rios,Male,2024-03-24
22,Maria Thomas,Male,2023-09-07
23,Justin Baker,Female,2024-08-18
24,Kevin Cox,Female,2023-09-06
25,Ann Williams,Female,2023-08-15
26,Christopher Becker,Male,2024-08-27
27,James Ferrell,Male,2024-07-05
28,Juan Dunlap,Female,2024-10-31
29,Melanie Herrera,Male,2023-12-15
30,Gina Carter,Male,2023-09-21
31,Troy Liu,Female,2023-12-12
32,Pamela Romero,Male,2023-08-12
33,Elizabeth Fowler,Female,2024-09-06
34,James Martin,Female,2025-01-15
35,Tamara George,Female,2024-06-04
36,Timothy Koch,Male,2025-02-25
37,Cynthia Allen,Female,2024-08-04
38,Angelica Tucker,Male,2023-07-14
39,Kim Martinez,Female,2024-10-15
40,Joshua Baker,Male,2025-03-29
41,Tracey Hickman,Female,2024-12-28
42,Christina Collins,Female,2024-10-24
43,Jessica Holmes,Male,2023-08-23
44,Austin Smith,Male,2024-07-25
45,Daniel Jones,Male,2024-09-23
46,Austin Johnson,Male,2024-02-02
47,David Caldwell,Female,2023-11-04
48,Miranda Khan,Male,2024-08-11
49,Richard Aguirre,Male,2023-10-16
50,Matthew Gomez,Male,2024-04-05
51,Nicholas Nunez,Female,2024-10-04
52,James Morgan,Female,2025-03-21
53,Corey Herrera,Female,2023-09-07
54,Donald Wright,Female,2025-05-08
55,Robert Chase,Male,2023-08-06
56,Zachary Huff,Female,2023-08-02
57,Sarah Martin,Female,2024-06-02
58,Dr. Steven Martin,Male,2023-05-23
59,Mrs. Rachel Gibson,Female,2024-04-14
60,Monica Logan,Male,2024-10-17
61,Brittney Phillips,Male,2023-07-06
62,Kimberly Adkins,Male,2023-07-05
63,John Calhoun,Male,2024-07-07
64,Tyler Miller,Female,2023-10-13
65,Barry Hensley,Female,2024-03-30
66,Steve Sanchez,Female,2024-08-25
67,Bradley Sandoval,Male,2024-08-03
68,Taylor Harris,Female,2024-11-28
69,Derek Anderson,Male,2024-10-04
70,Eugene Walton,Male,2023-07-17
71,Marc Hart,Male,2023-08-07
72,Daniel Baker,Female,2025-05-15
73,Benjamin Sanchez,Female,2023-12-29
74,Roy Warner,Female,2024-09-08
75,Dr. Kendra Contreras,Male,2024-07-25
76,Matthew Mcmillan,Male,2023-09-03
77,Steve Newton,Female,2023-09-19
78,Larry Robbins,Male,2023-10-27
79,Sarah Wagner,Female,2023-12-03
80,Sarah Davis,Female,2024-04-15
81,Amanda Cook,Female,2023-08-31
82,Deborah Figueroa,Male,2024-07-23
83,Kristina Rodriguez,Female,2025-04-06
84,Brittany Johnson,Male,2024-03-03
85,Brittany Anderson,Male,2024-01-16
86,Timothy Stanton,Female,2023-06-21
87,Christine Wright,Female,2023-08-09
88,Justin Baxter,Female,2024-09-15
89,Tammy Young,Female,2023-09-25
90,Rita Keith,Male,2023-06-10
91,Tim Patton,Male,2024-04-05
92,Sharon Cochran,Female,2023-12-15
93,Michael Reyes,Male,2023-06-21
94,Courtney Velasquez,Male,2024-05-13
95,Robert Savage,Male,2023-11-11
96,Corey Murphy,Male,2025-03-23
97,Raymond Bell,Male,2024-06-20
98,William Herrera,Female,2025-05-20
99,Shawn Green,Male,2024-08-14
100,Deborah Rodriguez,Female,2024-04-23
101,Richard Graham,Female,2024-06-22
102,Steven Lee,Female,2023-06-25
103,April Frost,Female,2024-07-13
104,Teresa Mclaughlin,Male,2023-10-22
105,Benjamin Beck,Male,2024-02-02
106,Mary Martinez,Female,2025-04-20
107,Eric Ortiz,Female,2024-03-29
108,Kristen Lee,Male,2024-10-19
109,Megan Orr,Female,2024-09-11
110,Jennifer Bass,Female,2024-01-13
111,Jeffrey Carpenter,Male,2024-10-11
112,Jeremy Lowe,Female,2024-06-22
113,Steven Flynn,Male,2023-09-30
114,Diane Beck,Female,2024-09-13
115,Robert Potter,Male,2024-10-25
116,Robert Hernandez,Male,2023-06-26
117,John Atkinson,Female,2023-07-17
118,Stephen Johnston,Male,2024-11-29
119,Kathleen Sanchez,Male,2024-10-12
120,Stephanie Dalton,Female,2025-04-08
121,Jeffery Thompson,Male,2024-11-12
122,Amber Wright,Male,2025-03-10
123,Casey Marshall,Female,2024-07-07
124,Linda Dodson DVM,Female,2024-09-08
125,Stephanie Simmons,Male,2025-04-25
126,Stephanie Manning,Male,2024-05-24
127,Paul Larsen,Female,2023-12-23
128,Kelly Sims,Female,2023-12-21
129,Micheal Young,Male,2024-02-06
130,Joshua Taylor,Male,2023-11-17
131,Christian Lewis,Male,2024-04-08
132,Joshua Perry,Male,2023-10-29
133,Jean Carrillo,Male,2024-11-12
134,Spencer Johnston,Female,2024-05-26
135,Guy Molina,Male,2025-03-14
136,Sara Medina,Male,2024-12-12
137,Lindsey Walker,Male,2023-11-08
138,John Price,Female,2024-10-22
139,Jennifer Martin,Male,2024-05-19
140,Veronica Ferguson,Female,2025-04-25
141,Justin Johnson,Female,2024-10-02
142,Sean White,Male,2023-12-10
143,Daniel Murphy,Male,2025-01-02
144,Diana Bean,Female,2024-04-13
145,Bradley Smith,Female,2024-07-13
146,Trevor Walker,Female,2023-07-14
147,Marissa Webster,Female,2023-11-30
148,Alex Hernandez,Female,2023-08-28
149,Brian Gould,Male,2024-05-17
150,Pamela Jackson,Male,2024-09-04
151,Michelle Strickland,Male,2023-09-26
152,Ashley Johnson,Male,2024-01-19
153,Susan Brooks,Female,2024-11-27
154,Kevin Rivas,Male,2023-11-26
155,Raymond Jefferson,Male,2024-08-30
156,Rebecca Knight,Male,2023-06-22
157,Jeffrey Wood,Male,2024-06-17
158,Alexandria Fisher,Male,2024-06-05
159,Tyler Reid,Male,2025-02-23
160,Christian Thompson,Male,2024-06-30
161,Debra Morton,Male,2024-07-13
162,Julie Petersen,Male,2024-08-24
163,Samuel Rivas,Female,2023-07-28
164,Jerry Christensen,Male,2024-08-06
165,Jamie Johnson,Male,2025-03-12
166,John Kelly,Female,2023-12-08
167,Spencer Haynes,Female,2023-12-22
168,Kellie Lee,Male,2023-11-25
169,Katherine Chang,Male,2024-11-08
170,Michael West,Female,2023-06-04
171,Daniel Holt,Male,2024-01-14
172,Jackie Tran,Female,2024-02-13
173,Patrick Rivera,Female,2024-11-17
174,Eric Hall,Male,2024-12-02
175,Bryan Herrera,Male,2025-01-03
176,Cheryl Rodgers,Male,2023-12-22
177,Vanessa Warren,Female,2023-12-27
178,Dr. Elizabeth Ward,Female,2024-01-11
179,Joseph Hill,Female,2023-07-03
180,Melissa Martinez,Female,2025-03-26
181,Ashley Smith,Female,2023-12-28
182,Jeremiah Lopez,Male,2023-06-30
183,Scott Wilson,Male,2023-07-11
184,Benjamin Soto,Male,2023-07-02
185,Robert Avery,Female,2023-07-27
186,Bailey Duran DDS,Female,2025-01-25
187,Patricia James,Male,2025-04-26
188,Scott Branch,Male,2024-01-14
189,Amy Choi,Male,2023-08-07
190,Christine Clark,Male,2024-10-15
191,David Arnold,Female,2023-09-20
192,Jerry Wheeler,Male,2024-01-03
193,Dwayne Campbell,Female,2025-03-19
194,Michael Bradshaw,Male,2025-01-22
195,Leah Lara,Female,2023-10-22
196,Joshua Holland,Female,2025-04-26
197,Charles Brown,Male,2025-01-26
198,Paul Carroll,Male,2024-01-01
199,John Torres,Female,2024-03-29
200,Kathryn Snyder,Male,2023-07-23
201,Stacy Navarro,Male,2024-09-01
202,Brandon Hayden,Male,2025-03-01
203,Laurie Smith,Male,2025-01-05
204,Debra Williams,Male,2024-12-29
205,Joseph Ramos,Male,2023-12-24
206,Kevin Walters,Female,2024-06-06
207,Julie Ortiz,Female,2024-01-26
208,Shannon Rivera,Female,2024-11-10
209,Matthew Morales DDS,Male,2023-06-19
210,Ernest Morris,Female,2025-01-11
211,Jose Travis,Male,2024-10-13
212,Julia Brown,Male,2024-06-27
213,Peter Garrett,Female,2025-01-01
214,Derek Anderson,Male,2023-12-31
215,Michael Martinez,Female,2024-09-22
216,Cynthia Moore,Female,2024-07-22
217,Jason Walker,Female,2025-03-05
218,Julia Wilson,Female,2025-02-26
219,Timothy Carter,Female,2024-11-19
220,Ruben Baird,Female,2023-11-27
221,Charles Lee,Male,2024-08-29
222,Sherry Shields,Male,2023-12-22
223,Sarah Morgan,Female,2025-01-22
224,Samantha Campbell,Male,2024-01-08
225,Lauren Keller,Male,2025-03-24
226,Joshua Reed,Male,2024-07-23
227,Jamie Cantu,Female,2025-03-27
228,Michael Armstrong,Male,2023-11-19
229,Jennifer Flores,Male,2024-05-23
230,Roberta Hughes,Female,2024-10-18
231,Marissa Hernandez,Male,2023-06-19
232,Vincent Rivera,Male,2023-08-07
233,Jessica Fox,Male,2024-05-10
234,Charles Pitts,Male,2023-09-18
235,Richard Baker,Male,2024-09-17
236,Marie Christian,Male,2025-03-14
237,Kimberly Finley,Male,2024-09-19
238,Olivia Brennan,Female,2023-06-18
239,Cynthia Cohen,Male,2023-12-31
240,Nicole Hamilton MD,Male,2024-09-25
241,Ashlee Jackson,Male,2024-01-09
242,Amber Flynn,Male,2024-01-04
243,Jeffrey Sanchez,Female,2024-04-06
244,Rebecca Jackson,Female,2023-07-22
245,Janet Vega,Female,2024-06-11
246,Briana Murray,Male,2023-12-05
247,Michael Nolan,Female,2024-05-17
248,Megan Moore,Male,2024-04-29
249,Victoria Evans,Female,2024-04-15
250,Joyce Turner,Female,2024-03-15
251,Ashley James,Male,2024-02-24
252,Wendy Phillips,Female,2025-02-24
253,Denise Knight,Female,2024-11-04
254,Valerie Lozano,Female,2024-12-20
255,Tanner Mitchell DDS,Male,2024-09-04
256,Colleen Lee,Male,2023-12-02
257,Michelle Hopkins,Female,2025-03-03
258,Brent Burton,Male,2023-06-21
259,Jeremiah Riley,Male,2024-12-10
260,Theodore Murphy,Male,2024-04-08
261,Carlos Ryan,Female,2024-03-01
262,Susan Rivas,Male,2023-12-07
263,Terry Coffey,Female,2024-01-06
264,Gina Wilson,Male,2023-07-19
265,Vincent Dalton,Male,2024-12-04
266,Jennifer Singleton,Female,2024-07-27
267,Richard Smith,Female,2024-07-11
268,Jacob Curry,Male,2023-12-11
269,Samantha Bentley,Female,2023-08-14
270,Kaitlyn Harvey,Female,2024-07-31
271,Leonard Holland,Male,2024-09-26
272,Susan Turner,Female,2024-04-03
273,Andrew Johnson,Male,2024-06-07
274,David Medina,Male,2024-03-18
275,Michael Paul,Female,2024-07-14
276,Patrick Moore,Male,2024-04-08
277,Sandra Gilbert,Male,2025-05-20
278,Amanda Wood,Male,2024-04-30
279,David Cox,Female,2024-11-04
280,Steven Newman,Female,2023-07-08
281,Colton Martinez,Male,2025-03-10
282,Anna Lewis,Female,2024-09-29
283,Alison Buchanan,Male,2023-11-27
284,Rachel Harris DVM,Female,2024-07-25
285,Daniel Kane,Female,2024-02-01
286,Rachel Carlson,Female,2023-12-23
287,Brianna Anderson,Male,2023-12-02
288,Ashley Delacruz,Male,2023-09-01
289,Richard Young,Female,2024-01-28
290,Derek Martinez,Female,2024-04-12
291,Nichole Alvarez,Male,2025-01-15
292,Kevin Hayes,Male,2023-11-10
293,Amanda Logan,Female,2025-03-25
294,Elizabeth Schneider,Male,2023-06-15
295,John Morales,Female,2024-11-04
296,Micheal Wallace,Male,2025-04-19
297,Lee Jones,Female,2023-12-21
298,Lauren Joseph,Female,2024-03-12
299,Kerry Chavez DDS,Male,2023-08-07
300,Ashley Pena,Male,2025-04-02
